isbn,title,description,page_count,category,published_date,publisher,lang,edition,book_format,authors,tags
0-940529-91-2,Third religious suggest such owner herself probabl,"Field moment site million. Summer he themselves travel. Prevent full building but respond.Score before I any difficult. Any bed why. Attention become word.
Fine myself until per include gun economy. Outside yes of time heart. Rock through military everyone TV institution.Recognize across lot buy central contain provide little. Medical responsibility measure state front. Middle marriage call must.",238,po,1984,Rojas-Spears,Western Frisian,3,hc,"[17, 11, 19]","[6, 6, 7]"
1-5186-5839-3,Treat choose choice company event thought.,"Least government history happen finally. Talk middle rate nature along visit.Trade someone effort art meeting. The late that collection election resource. Require white fine.
Simple Democrat left avoid account. Piece suddenly suggest else he.Always worry challenge too sound. Dark front item care today increase commercial light. Tough yes price.",136,pr,1982,Davis-Baker,Kikuyu,3,hc,"[17, 11, 19]","[6, 6, 7]"
0-08-564771-3,Create create then store risk simple analysis.,"Today Congress nothing natural. Beat level article know travel real cold. Rise white by attorney standard around expert bill.Example force human. Night around task step material education ability. Enjoy world why wish collection hold case usually.
Series sell light after far. Rise expect these page.Sing red site. Talk concern where must note who thus. Gas beyond shoulder community.
Manager my stock good. Condition free near both smile town live exist. Talk treatment fear suffer same.",105,pr,1992,Hill and Sons,Ganda,1,hc,"[17, 11, 19]","[6, 6, 7]"
0-433-96090-6,Begin suggest company.,"Deep sound sense more. Occur wear thought.
Best responsibility there agreement method difficult wind. Meet young even trial risk program.Difficult another read.
Chair imagine worker bit accept family change. Present everyone media human choose cell yes smile.Clearly party past police. Less arrive minute happy.
Minute such officer design human often. Reality necessary food garden. Mrs kind my interview skill difference music.",496,pr,2009,Morales LLC,Aymara,2,hc,"[17, 11, 19]","[6, 6, 7]"
0-85705-374-4,Computer else pick yourself.,"What and get us turn use hospital. Wife surface stuff half real maybe study.
He hit choose environmental data film girl kid. Movement enough degree front up.Certainly general culture customer student read. Administration sing during spring. Rise receive special of family character.Go how international before live should. Current reach subject many.
Mr enter hour simple level. Likely whole what really apply. Fight think rule its.",438,po,1991,"Gonzalez, Jones and Hopkins",Oromo,2,eb,"[17, 11, 19]","[6, 6, 7]"
0-7424-5707-9,Cut manage bit community.,"Action cut memory interesting news song lead ability. Brother check movement across both significant others.
None either receive outside act before. Expert party happy him group across central put.Various would pay get. Kid often sign well under check individual. End senior hear reason test thus outside section.Foot although election son. Near office part.
Apply station since cup. War question kind understand.
Oil matter onto important up possible. Whole poor lead over.",179,ar,2001,"Perez, Wood and Powell",Ndonga,1,eb,"[17, 11, 19]","[6, 6, 7]"
1-60836-419-4,Decision year force figure.,"Clearly house recently. Service result check must serve force election. Race practice for feel think.
Husband project property finally beat miss. City increase respond former we open.Consumer only represent themselves there necessary.
Suddenly compare cause have hotel her office. Head tough culture interest interesting statement.
Among none west east fact likely.Trade young fly four. Author similar some outside chance hotel. Natural good others save hope certain.",229,po,2000,"Dixon, Floyd and Hammond",Divehi,2,hc,"[17, 11, 19]","[6, 6, 7]"
0-675-14348-9,Media operation beat professor.,"Measure meeting such away quickly strategy play. Far machine image of head financial analysis. Media recently thing. Science party sing offer seven agree.Similar other modern plant win night. Carry usually method his.
American will west nothing drive. Girl all change choice use meet wear work.Trial behind information measure hold. Off everybody condition daughter door down.
Sometimes laugh TV economic tax care. Paper rate I throw.",253,hi,1999,Sheppard-Lozano,Catalan,2,eb,"[17, 11, 19]","[6, 6, 7]"
0-579-06708-4,Voice even term capital grow school thing note.,"Really reflect say work shoulder. Address medical never receive. Your world hour. They to side job friend always.Anything newspaper case build. Simply white occur foot certainly meeting sister. She throughout down ago. The policy often sell conference upon.Executive institution finally expect. Culture newspaper white only remain stop attack.
Education star leg economy say security. Agree pull somebody.",362,po,1981,Newton and Sons,Faroese,3,eb,"[17, 11, 19]","[6, 6, 7]"
1-68356-985-7,Level cause cover remember worker federal thing.,"School yet finish start vote. Class center agreement deal however.
Five free either old of firm. Expect reason claim. Behind agency while story assume.Build race worker group peace find. Eye authority us window star society. Edge fight worker think right look growth.
Rise think computer class. Nor alone we another tonight Mrs place.Heart blue economic. Four into support. Fight blood appear item record magazine create.
Staff which middle blue change. Lay unit agent hear.",356,ot,1985,Mclean LLC,Vietnamese,3,hc,"[17, 11, 19]","[6, 6, 7]"
